{
	"schemaVersion": 1,
	"id": "lav-learning",
	"version": "${version}",
	"name": "lav-learning",
	"description": "This is an example description! Tell everyone what your mod is about!",
	"authors": [
		"Me!"
	],
	"contact": {
		"homepage": "https://fabricmc.net/",
		"sources": "https://github.com/FabricMC/fabric-example-mod"
	},
	"license": "CC0-1.0",
	"icon": "assets/lav-learning/icon.png",
	"environment": "*",
	"entrypoints": {
		"main": [
			"lav.learning.Lavlearning"
		],
		"fabric-datagen": [
			"lav.learning.LavlearningDataGenerator"
		]
	},
	"mixins": [
		"lav-learning.mixins.json"
	],
	"depends": {
		"fabricloader": ">=0.18.4",
		"minecraft": "~1.21.11",
		"java": ">=21",
		"fabric-api": "*"
	}
}